<?xml version="1.0" encoding="UTF-8"?>
<project-private xmlns="http://www.netbeans.org/ns/project-private/1">
    <editor-bookmarks xmlns="http://www.netbeans.org/ns/editor-bookmarks/2" lastBookmarkId="0"/>
    <open-files xmlns="http://www.netbeans.org/ns/projectui-open-files/2">
        <group>
            <file>file:/D:/Sola/3.Letnik/SP/Oddaja2/ocenjevanje/web/prijava.xhtml</file>
            <file>file:/D:/Sola/3.Letnik/SP/Oddaja2/ocenjevanje/web/registracija.js</file>
            <file>file:/D:/Sola/3.Letnik/SP/Oddaja2/ocenjevanje/src/java/ocenjevanjePack/GradingBean.java</file>
            <file>file:/D:/Sola/3.Letnik/SP/Oddaja2/ocenjevanje/web/projekti.xhtml</file>
            <file>file:/D:/Sola/3.Letnik/SP/Oddaja2/ocenjevanje/src/java/ocenjevanjePack/UserBean.java</file>
            <file>file:/D:/Sola/3.Letnik/SP/Oddaja2/ocenjevanje/src/java/ocenjevanjePack/MenuTagsBean.java</file>
            <file>file:/D:/Sola/3.Letnik/SP/Oddaja2/ocenjevanje/web/registracija.xhtml</file>
            <file>file:/D:/Sola/3.Letnik/SP/Oddaja2/ocenjevanje/src/java/ocenjevanjePack/ProjectBean.java</file>
        </group>
    </open-files>
</project-private>
